scientificName,mat_change,tap_change,sea_t_change,sea_p_change
Accipiter_gentilis,1.70879013829193,-21.6097366489408,-46.8389760702842,0.049975602001002
Accipiter_nisus,1.70876554748847,-21.6001324353189,-46.8422720736754,0.0499675767709605
Acrocephalus_arundinaceus,1.73337565521799,-19.4664655144822,-46.8421695917424,0.0560914148645642
Acrocephalus_palustris,1.70896788756906,-21.7038939190149,-46.8076126634246,0.0499279044302382
Acrocephalus_scirpaceus,1.71883483786481,-21.4063056710922,-46.4255257772099,0.0525656343474758
Actitis_hypoleucos,1.71735710238144,-20.7867922141507,-47.3559253460231,0.0506522507002455
Aegithalos_caudatus,1.70900337324068,-21.6186706856977,-46.8301079338812,0.0500308054393927
Aegolius_funereus,1.65932443515475,-27.7473460418926,-45.7499530850859,0.0509193525256678
Alauda_arvensis,1.70869551415835,-21.5865697447437,-46.8489718636075,0.0499460876006149
Alcedo_atthis,1.70730844877578,-22.4656306259402,-46.7142854244431,0.0495286649357168
Anas_platyrhynchos,1.71095157918819,-21.7071489536021,-46.7214123278134,0.0514614869063692
Anthus_pratensis,1.68420273450538,-26.4560326115276,-46.0227029851248,0.0539561242811774
Anthus_trivialis,1.70867382108463,-21.584574354046,-46.8506229239934,0.0499370301337584
Apus_apus,1.70885037214104,-21.5979541237426,-46.838269899755,0.0499960081769588
Ardea_cinerea,1.71114699647391,-23.2162284040945,-46.4959666553541,0.0566188899707475
Asio_otus,1.70902868230266,-21.9109574564131,-46.7111326481546,0.0503274046063247
Athene_noctua,1.7109372139984,-21.8353044993132,-46.6871428773729,0.0506761767377576
Aythya_ferina,1.71581424806225,-22.7430727218216,-45.8016649901096,0.0564775595902375
Aythya_fuligula,1.7135895221018,-23.8380731825594,-45.9018366910198,0.0551506360242591
Bubo_bubo,1.69621974246567,-25.6237684549513,-45.8302811701943,0.0492234548993009
Buteo_buteo,1.70868734968091,-21.5873782906262,-46.8483877064561,0.0499450356429366
Carduelis_carduelis,1.70911748640946,-21.6351496244315,-46.8230111252883,0.050046870905617
Carpodacus_erythrinus,1.65414776720623,-24.3210419184377,-49.1292431268964,0.0307765910734401
Certhia_brachydactyla,1.71867658551055,-21.3552591316041,-46.3462404706937,0.0549485108308711
Certhia_familiaris,1.70798353022918,-22.3723863808897,-46.6433355581065,0.048987766909365
Charadrius_dubius,1.71265810264898,-21.7235680596944,-46.702793626328,0.05133046398298
Chloris_chloris,1.7087084669424,-21.5866290878832,-46.8479165748028,0.0499530349061228
Ciconia_ciconia,1.70150844992207,-26.1551682778924,-46.392276114268,0.0473631239813605
Ciconia_nigra,1.69039052503348,-25.3775986282425,-46.6177443392295,0.0465254727306878
Cinclus_cinclus,1.67847153243027,-27.03375071829,-46.3532664091653,0.0440562603810079
Circus_aeruginosus,1.73022736667668,-20.8472219572639,-46.3091508100066,0.0570232804821693
Coccothraustes_coccothraustes,1.70951456895343,-21.4513227297115,-46.845299793342,0.0500103623056396
Columba_livia,1.71291410073342,-21.659901576446,-46.5922443377102,0.053464383794244
Columba_oenas,1.70404346821623,-21.909929396106,-47.4962032695785,0.0450310973240977
Columba_palumbus,1.70876618757721,-21.6012857474011,-46.8428604992263,0.049970506966773
Corvus_corax,1.72316366750649,-17.7119649891109,-47.8041866717752,0.0413089533669094
Corvus_corone,1.70868275713921,-21.5895199288893,-46.8491347397507,0.04993784411903
Corvus_monedula,1.70301898375235,-23.9031523974073,-46.2570074406442,0.0472972733675564
Coturnix_coturnix,1.70665800512914,-25.5076885557764,-45.9382148325803,0.0515431257174681
Crex_crex,1.70055163624993,-23.2805421069951,-47.0515917089879,0.0447880137677776
Cuculus_canorus,1.70873921434599,-21.5916158714372,-46.8453813887878,0.0499601020825722
Curruca_communis,1.70899473289892,-21.5559503890773,-46.8377389356177,0.049994352910018
Curruca_curruca,1.708745898248,-21.5886355257045,-46.8451121254739,0.0499640501708413
Cyanistes_caeruleus,1.70875410698454,-21.5951683593054,-46.8444776359484,0.0499635892238924
Cygnus_olor,1.71955673525668,-21.4277913899073,-46.148842127311,0.0559147626583889
Delichon_urbicum,1.70869028322148,-21.5855487759883,-46.849172216642,0.0499476788750206
Dendrocopos_major,1.70871318831304,-21.5878576632365,-46.8477464107936,0.0499505657743275
Dryobates_minor,1.71049104633596,-21.7191704529884,-46.7444163698514,0.0504648443221767
Dryocopus_martius,1.70883664200584,-21.6928790592764,-46.8016764347089,0.050064950581445
Emberiza_calandra,1.76982150630546,-10.9691325211671,-47.0909259614084,0.0583384892314104
Emberiza_citrinella,1.70869896743049,-21.5865485016104,-46.8484538879276,0.0499493788775431
Emberiza_schoeniclus,1.71278856173006,-22.8722181818865,-46.2394724019781,0.0530984819469136
Erithacus_rubecula,1.70873652719241,-21.5967672018913,-46.8439853289949,0.0499641934010025
Falco_tinnunculus,1.70916592794678,-21.6608912312296,-46.8132437750545,0.0500633674440776
Ficedula_albicollis,1.7300467981128,-16.6094372197528,-47.8740445040354,0.0467109048596963
Ficedula_hypoleuca,1.71954600141211,-19.6002086365479,-47.081951388111,0.0482146619548228
Ficedula_parva,1.69474279180181,-22.6247515974203,-47.1398992452132,0.0459434879371107
Fringilla_coelebs,1.70869717333391,-21.5855884552218,-46.8486228943673,0.0499490821572945
Fulica_atra,1.71942159063885,-21.4979190792289,-46.3574670848386,0.0552847700449168
Gallinago_gallinago,1.69559836522537,-27.6973258542673,-45.4439770263754,0.0584135324443998
Gallinula_chloropus,1.72038542917292,-21.0525998893655,-46.3883714594723,0.0534009195354166
Garrulus_glandarius,1.70908985666848,-21.6484278627273,-46.8204576291285,0.0500614575658834
Glaucidium_passerinum,1.68174197176309,-27.5635127078762,-45.8592831192471,0.0597284921599956
Haliaeetus_albicilla,1.70628803629712,-19.0307496891449,-46.1306496839062,0.0678696180551467
Hippolais_icterina,1.70962163152624,-21.688097161775,-46.7878466147243,0.0502122270048603
Hirundo_rustica,1.70870035282946,-21.5857950314103,-46.8487046897508,0.0499495381250427
Jynx_torquilla,1.71701668097178,-21.8594542289213,-46.4971748286398,0.0515419821537805
Lanius_collurio,1.70898957192776,-21.6125365167152,-46.8296765075153,0.0500365992913456
Larus_ridibundus,1.73078361916297,-20.5531783923466,-46.3669255403384,0.0578556010258719
Leiopicus_medius,1.73078377798896,-16.7381368866611,-47.3186711523521,0.0546126067038314
Linaria_cannabina,1.7087215176854,-21.5916279880707,-46.846863579876,0.0499533092240679
Locustella_fluviatilis,1.71498991916717,-22.2463997972856,-46.3960655245804,0.051254561166249
Locustella_naevia,1.70943434682877,-21.7435470466509,-46.7705826786934,0.0503596428196025
Lophophanes_cristatus,1.70504075916907,-23.5064196918893,-46.351384511167,0.0478177944203609
Loxia_curvirostra,1.69021466812195,-25.8494096994496,-46.0860681817904,0.0485566170242893
Lullula_arborea,1.72013265764244,-20.870069827569,-46.2993309795634,0.0544568675444543
Luscinia_megarhynchos,1.76682353280266,-14.3504810203008,-47.0195465246712,0.0565323369557872
Milvus_migrans,1.72028226733455,-16.941710874254,-48.2286304695583,0.0658667714231697
Milvus_milvus,1.74971684434993,-11.8609758158725,-48.6763132585297,0.0625050232146372
Motacilla_alba,1.70874608641083,-21.5969967049305,-46.8443756376668,0.0499634395192058
Motacilla_cinerea,1.7054568921475,-23.0860348838797,-46.2528128130746,0.0485556655058991
Muscicapa_striata,1.70870260527819,-21.5756717002856,-46.8436781633589,0.0498703669752326
Nucifraga_caryocatactes,1.67143380667804,-27.7304584094156,-46.4560755280257,0.0440603971650192
Parus_major,1.70877697235973,-21.5997251447495,-46.8429593727941,0.0499681131333538
Passer_domesticus,1.70894249548991,-21.6320801231108,-46.8308896090458,0.0500109603870303
Passer_montanus,1.70940019474236,-21.6825393662911,-46.8088612861845,0.0501265345135506
Periparus_ater,1.70933304999149,-22.0025449199287,-46.6101854419752,0.0489223401813759
Phasianus_colchicus,1.71166535914222,-21.4584306784783,-46.7908209236829,0.050555166342408
Phoenicurus_ochruros,1.7087007415347,-21.5859824854342,-46.8485610210454,0.0499492035678171
Phoenicurus_phoenicurus,1.70907447085361,-21.6631223303842,-46.8140069747454,0.0500465452050758
Phylloscopus_collybita,1.7087277573085,-21.5829114979619,-46.8485945876186,0.0499516077015889
Phylloscopus_sibilatrix,1.7087509001013,-21.5953869592699,-46.8449788280684,0.0499539166246095
Phylloscopus_trochilus,1.70880407410414,-21.6033649907412,-46.8395502793745,0.0499853294980131
Pica_pica,1.70884037852283,-21.6043459544131,-46.8392926847368,0.0499965797232007
Picus_canus,1.70905842531519,-21.5616634342101,-46.8452436140075,0.0499827374024072
Picus_viridis,1.70938476376313,-21.676873146516,-46.8039646439063,0.0501610727652737
Podiceps_cristatus,1.71989341751929,-22.6511603222617,-46.2493887845498,0.0557101891722698
Poecile_montanus,1.70669244271702,-23.6212503485188,-46.413257964003,0.0479876220407984
Poecile_palustris,1.70878473342167,-21.5894338824638,-46.8431028340523,0.0499719494373981
Prunella_modularis,1.70871802794824,-21.5986525455112,-46.8444072067704,0.0499519169303217
Pyrrhula_pyrrhula,1.70798263626171,-21.9031431076313,-46.6512059323798,0.04859560968776
Rallus_aquaticus,1.71958490749533,-23.576522050605,-46.131645109073,0.0559710097096376
Regulus_ignicapilla,1.69257030701748,-26.3752048526368,-46.1996835361408,0.0450970023747606
Regulus_regulus,1.70512972607957,-23.2828100705385,-46.5289820008946,0.0489256317980646
Saxicola_rubetra,1.70835937132896,-21.6581639081304,-46.8391751227244,0.0499094581986463
Serinus_serinus,1.70885446575894,-21.6073844153819,-46.8364525433513,0.0499973138424361
Sitta_europaea,1.70886528447287,-21.6133597398823,-46.8365319726451,0.0499932027640958
Spinus_spinus,1.69774854207165,-23.6955421491732,-46.5348350761444,0.0466275417315296
Streptopelia_decaocto,1.70951171939834,-21.7010277638181,-46.8034904315365,0.0501052273597951
Streptopelia_turtur,1.70896608885742,-21.5927684612909,-46.8424184787249,0.0499961290214903
Strix_aluco,1.70866699098403,-21.6221907292734,-46.8203263993337,0.0498103696177551
Sturnus_vulgaris,1.70868979516118,-21.590094267643,-46.847358960503,0.0499503402485352
Sylvia_atricapilla,1.70873423528745,-21.591721143779,-46.8458489635825,0.0499614034686816
Sylvia_borin,1.70943622331676,-21.6903154325452,-46.7290852985238,0.0499317285770535
Tachybaptus_ruficollis,1.71512407762486,-22.0928593226336,-46.2938541713013,0.0542103872596823
Troglodytes_troglodytes,1.7088445507234,-21.6092313545611,-46.8377302456056,0.0499971546242549
Turdus_merula,1.70870145663589,-21.5868323786421,-46.8481483235048,0.0499502666975633
Turdus_philomelos,1.70876816808572,-21.6009967974485,-46.8428444869988,0.0499653444492122
Turdus_pilaris,1.70782718569066,-21.7141783051569,-46.8616399268406,0.0497982078238699
Turdus_viscivorus,1.697860636389,-24.2787977222954,-46.5936111531603,0.0476340092704187
Vanellus_vanellus,1.71077303362702,-22.0280410421367,-46.6871063662713,0.0508219994477082
Curruca_nisoria,1.75888158792683,-10.8308295860727,-48.9558522399294,0.0522645326080185
Falco_peregrinus,1.69190764852428,-20.7853141774335,-47.8733596258577,0.0473184596029449
Oriolus_oriolus,1.7335060835195,-18.7190331006006,-46.9988888896441,0.0520916729220727
Pernis_apivorus,1.70540871594734,-22.8413285740061,-46.8537978960996,0.0493767064563231
Saxicola_torquatus,1.70797070455015,-20.6381050701096,-48.7457857100085,0.043692240739718
Scolopax_rusticola,1.70192425280859,-23.5460279156954,-46.42689376665,0.0483352095391425
Spatula_querquedula,1.71569394794183,-25.4851599527513,-46.1286023757257,0.0571332503703507
Tyto_alba,1.71559820277662,-20.7987079872793,-46.8869351572602,0.0501835378046383
Circus_pygargus,1.70938869641868,-24.4189827459871,-45.9620543256689,0.0511965554725665
Corvus_frugilegus,1.78936894750563,-1.29517808469194,-49.4799398041113,0.0441731942338474
Lanius_excubitor,1.6999166540412,-26.9244656017053,-45.8582889436586,0.0507012715768131
Oenanthe_oenanthe,1.70652928909805,-22.7127472716983,-46.3841242023095,0.0518219739383721
Perdix_perdix,1.71033051080671,-23.4319031141818,-46.2862415320779,0.0510738443129962
Remiz_pendulinus,1.73240989500237,-22.7222575225397,-46.3504258780579,0.0548817672496837
Tringa_ochropus,1.69810168237501,-22.9882947406336,-47.9426965458135,0.0628502878025698
Acanthis_flammea,1.6849909945376,-26.982247977136,-44.9223202229462,0.0581582160439891
Anas_crecca,1.71645438074768,-25.1751870178403,-45.8325562859339,0.0573253544388914
Luscinia_svecica,1.67776637202598,-25.8966702171881,-44.5450724107937,0.0536264588572028
Riparia_riparia,1.75205715275486,-17.5921634248206,-46.4959679983694,0.0608931010120105
Lyrurus_tetrix,1.64308954835925,-28.0410730279161,-45.1696155970769,0.0687532752076086
Mareca_strepera,1.70994783685324,-27.7839146477922,-45.0979967238027,0.0576882836177754
Acrocephalus_schoenobaenus,1.71551246527632,-26.2215904840876,-45.7951273435438,0.0546786848934149
Ixobrychus_minutus,1.70995270512928,-20.795020345901,-48.0455851949044,0.0516781950303493
Podiceps_nigricollis,1.71088579635215,-26.6517805884961,-45.6927146924408,0.056379495461002
Botaurus_stellaris,1.72106832734849,-21.1673168758032,-46.490517742885,0.0542252877366904
Galerida_cristata,1.73042695160036,-19.3771016058931,-47.2791270237,0.0482952638875927
Locustella_luscinioides,1.72264248121344,-23.8560073285419,-45.91181222294,0.0673103016673709
Motacilla_flava,1.7273030326894,-19.8484240166921,-46.9149465167173,0.0549765728778137
Phalacrocorax_carbo,1.67760943925691,-26.6643796669361,-45.1860454424183,0.0735052580935079
Falco_subbuteo,1.68670358169731,-26.3903492055312,-47.1362309041714,0.0484161332237508
Upupa_epops,1.71110617672628,-22.2323341238673,-47.474401391703,0.0562709110014884
Falco_cherrug,1.6745950918651,-13.8513800033411,-52.6647534012594,0.0638111286087392
Tetrastes_bonasia,1.65966133900196,-28.675015684209,-48.2364320558972,0.0325981452589202
Turdus_torquatus,1.63391462100245,-29.5334034369183,-48.6936664849732,0.0217861213633635
Porzana_porzana,1.69435278690877,-28.6002804238622,-45.1874029374361,0.0570521318238223
Netta_rufina,1.66951839125022,-18.1632452916418,-49.0055742522809,0.0750068341229065
Spatula_clypeata,1.72636998352357,-24.5277506836864,-45.5363847894158,0.0601945385268467
Bucephala_clangula,1.68057232953506,-23.8542588323626,-44.1317036456314,0.0682168378777039
Anthus_spinoletta,1.6313538892624,-5.56213956681992,-52.0520805540634,0.00360726187235517
Picoides_tridactylus,1.65829566706671,-32.2210996369749,-48.5992709765073,0.0371515621287623
Tetrao_urogallus,1.58952653350818,-46.7787955766792,-44.640189415343,0.0495082080713236
Anser_anser,1.68895431857928,-19.3593159032726,-47.4579318197916,0.0762229998049118
Anthus_campestris,1.75298324994232,-11.0446157655085,-48.600846551254,0.0537474469885205
Nycticorax_nycticorax,1.66789855524098,-18.8207591022293,-47.5746234295552,0.0819558932053792
Panurus_biarmicus,1.71155904585234,-21.935505453217,-46.8506809734209,0.0572545175431023
Merops_apiaster,1.70515383808977,-16.5142174533008,-50.0932475177769,0.0635916208422507
Tringa_totanus,1.71007986791353,-21.6269476850377,-48.4487499998349,0.058879036424055
Sterna_hirundo,1.68274656323466,-21.1108028920834,-47.6975670260348,0.0567238408224015
Dendrocopos_syriacus,1.70627452418496,-13.8598347572927,-52.5258525863163,0.0600053017715404
Dendrocopos_leucotos,1.72068293794156,-14.5219314605585,-53.2564423366185,0.0219786906142672
